hard_label_recovery,improvement_over_random
16.14,24.45
16.18,24.85
16.689999999999998,24.74
16.480000000000004,24.069999999999997
17.36,23.090000000000003
