hard_label_recovery,improvement_over_random
7.839999999999996,15.18
9.090000000000003,15.04
8.5,15.0
8.899999999999999,15.230000000000004
8.030000000000001,15.219999999999999
