hard_label_recovery,improvement_over_random
24.0,13.909999999999997
24.72,12.720000000000006
23.990000000000002,13.32
24.68,13.439999999999998
24.320000000000007,12.280000000000001
